ImageNumber,ObjectNumber,AreaShape_Area,AreaShape_Center_X,AreaShape_Center_Y,AreaShape_Center_Z,AreaShape_Compactness,AreaShape_Eccentricity,AreaShape_EulerNumber,AreaShape_Extent,AreaShape_FormFactor,AreaShape_MajorAxisLength,AreaShape_MaxFeretDiameter,AreaShape_MaximumRadius,AreaShape_MeanRadius,AreaShape_MedianRadius,AreaShape_MinFeretDiameter,AreaShape_MinorAxisLength,AreaShape_Orientation,AreaShape_Perimeter,AreaShape_Solidity,Classify_Row0,Classify_Row1,Classify_Row2,Classify_Row3,Classify_Row4,Classify_Row5,Classify_Row6,Classify_Row7,Location_Center_X,Location_Center_Y,Number_Object_Number
1,1,2279,136.0,70.0,1.0,1.0269440026121204,0.4146563868122905,-1.0,0.7016625615763546,0.4940009665723906,57.05444270102376,57.97413216254298,15.132745950421556,5.862625379633972,5.385164807134504,53.92561985795082,51.91829143439632,82.50163340763751,240.77599999999967,0.9070646766169155,0,1,0,0,0,0,0,0,133.79025888547608,57.58227292672225,1
1,2,1847,211.0,51.0,1.0,1.2120664806603065,0.6672781197676398,-1.0,0.5789968652037617,0.2948411548303295,60.50853356659336,58.60034129593445,14.317821063276353,4.733274848109434,4.123105625617661,46.269722006318,45.06727862096706,69.44168792662418,280.57199999999943,0.8167145699756798,0,1,0,0,0,0,0,0,214.1911207363292,59.65565782349756,2
1,3,1701,302.0,37.0,1.0,1.342951160535913,0.7503824397966068,1.0,0.5070044709388972,0.265366776229557,63.57681446019954,60.67124524847005,12.041594578792296,4.147174700820986,4.0,43.92740940799147,42.02452414627585,-63.224268370740305,283.8139999999994,0.7795600366636114,0,1,0,0,0,0,0,0,300.45796590241036,55.217519106408,3
1,4,1204,388.0,54.0,1.0,1.2948711566781268,0.8549739441285241,1.0,0.5901960784313726,0.5843462768252001,55.90611380974503,51.54609587543949,13.92838827718412,5.153815186362866,5.0,29.12176030182453,28.996877186777017,-29.24722454345045,160.9099999999999,0.8951672862453534,0,1,0,0,0,0,0,0,378.9244186046512,58.97425249169435,4
1,5,1664,131.0,159.0,1.0,1.077164346493365,0.4245171237795038,-5.0,0.6656,0.26137443275098954,50.05580206877832,51.31276644267,10.770329614269007,3.838451503467724,3.605551275463989,45.70813468784671,45.32151975415716,-68.32792944613617,282.8459999999995,0.8590604026845637,0,0,1,0,0,0,0,0,135.45673076923077,146.13942307692307,5
1,6,1480,229.0,143.0,1.0,1.244506741236645,0.5451556143105977,1.0,0.6070549630844955,0.1965080415054406,52.45415837460281,53.14132102234569,11.313708498984761,3.7008107773097745,3.1622776601683795,44.08263093912912,43.974150102240195,-27.652115404472763,307.6419999999995,0.7834833245103229,0,0,1,0,0,0,0,0,220.33648648648648,148.69662162162163,6
1,7,1059,309.0,133.0,1.0,1.9226789661032182,0.5712812544112599,2.0,0.5004725897920604,0.2002132567387378,55.62387942621718,52.20153254455275,9.055385138137417,3.1587940697415937,2.8284271247461903,44.89514419848476,45.65354186074177,-38.776010539278914,257.8139999999995,0.5929451287793953,0,0,1,0,0,0,0,0,297.36166194523133,146.6364494806421,7
1,8,1452,393.0,162.0,1.0,1.2741195333159514,0.623857705473666,0.0,0.581032412965186,0.26396263057726266,54.04996088020973,55.80322571321482,11.0,4.020325345428791,3.605551275463989,42.485291572496,42.24209548665193,52.133178082327234,262.9159999999996,0.798460269452846,0,0,1,0,0,0,0,0,382.6570247933884,149.61501377410468,8
1,9,1828,141.0,217.0,1.0,1.0838785147884242,0.3234879397443057,-12.0,0.6632801161103048,0.2052998432932013,51.563028503094,53.600373133029585,9.848857801796104,3.2836682875404524,3.0,48.83787394056464,48.79060270878271,-75.6158566170481,334.50199999999944,0.8604377500588374,0,0,0,1,0,0,0,0,136.2582056892779,230.62472647702407,9
1,10,780,231.0,242.0,1.0,1.8925520774800586,0.7381364344317898,3.0,0.43478260869565216,0.20229514426720643,50.8083511337143,51.10772935672255,6.708203932499369,2.727469294278978,2.23606797749979,33.14834671311512,34.2779287125243,30.840748805665775,220.11999999999975,0.593607305936073,0,0,0,1,0,0,0,0,217.2397435897436,238.09871794871796,10
1,11,1119,304.0,227.0,1.0,1.438635606626531,0.7380367799652029,2.0,0.5569935291189647,0.23051292267797666,53.05090034255606,54.405882034941776,9.219544457292887,3.3724331919047588,3.0,39.235941991608556,35.796651217357734,-56.35251026067772,246.9859999999995,0.7214700193423597,0,0,0,1,0,0,0,0,298.55674709562106,231.04110813226094,11
1,12,631,376.0,227.0,1.0,1.1145594602882936,0.7587583866753411,1.0,0.6741452991452992,0.5618129160513434,35.48141315147476,35.22782990761707,11.0,4.3113829482171315,4.0,22.749471676029348,23.11160526432837,-15.63061837829927,118.80200000000005,0.9131693198263386,0,0,0,1,0,0,0,0,372.0206022187005,228.66719492868464,12
1,13,1542,147.0,325.0,1.0,1.279180023336817,0.3706530786284604,-9.0,0.5928489042675894,0.08939419893386738,51.89831722020459,51.85556864985669,6.082762530298219,2.3950093501410588,2.23606797749979,47.33360949933244,48.20167223502473,-62.79026240371919,465.57799999999884,0.7700374531835205,0,0,0,0,1,0,0,0,133.7775616083009,318.4837872892348,13
1,14,1069,230.0,325.0,1.0,1.4859995054650228,0.27556584539844126,1.0,0.5656084656084656,0.13136496077234947,45.83423520837509,49.64876634922564,6.708203932499369,2.4908025320203273,2.23606797749979,40.548584344064245,44.05963438044574,-14.494455357549054,319.7819999999992,0.6746607762701169,0,0,0,0,1,0,0,0,216.88493919550982,317.689429373246,14
1,15,246,281.0,325.0,1.0,1.0698879372706227,0.4228452751264966,1.0,0.3904761904761905,0.6002493467291631,19.234968588521642,30.870698080866262,8.06225774829855,3.0945481416801837,2.8284271247461903,19.03634295081848,17.430764972465283,11.75422344794673,71.76400000000004,0.6356589147286822,0,0,0,0,1,0,0,0,281.3577235772358,324.8089430894309,15
1,16,1118,395.0,325.0,1.0,1.2058886046850288,0.7822540963003835,1.0,0.6129385964912281,0.5482348819226786,49.71892257961005,47.67598976424087,12.0,4.8875835704945745,4.47213595499958,33.51575573298238,30.972874758902073,75.38962073541853,160.08199999999994,0.8603308964986534,0,0,0,0,1,0,0,0,390.1457960644007,324.0509838998211,16
1,17,1956,144.0,402.0,1.0,1.0200756577112797,0.36263418253566293,-6.0,0.7381132075471698,0.4680922064765772,52.114283578653605,53.009433122794285,15.132745950421556,5.115546990032792,4.182873156368473,48.22468247692254,48.56694607277232,-75.78709200408663,229.15199999999973,0.9289954880075993,0,0,0,0,0,1,0,0,135.1262781186094,405.5439672801636,17
1,18,1337,228.0,408.0,1.0,1.2550822343627517,0.4607293923002557,-2.0,0.5348,0.16139849065993217,48.86819562669779,51.24451190127583,7.810249675906654,2.8261275766954768,2.8284271247461903,44.626555006685265,43.37251070737499,-63.29238780121441,322.64199999999937,0.733809001097695,0,0,0,0,0,1,0,0,216.9962602842184,407.1652954375468,18
1,19,1319,304.0,412.0,1.0,1.2635265154530868,0.6364563879477124,0.0,0.5971027614305116,0.22750838155319494,51.56051177541221,53.53503525729669,9.055385138137417,3.592458135175709,3.1622776601683795,41.35091063349123,39.76927705149765,-54.387984722966074,269.9159999999996,0.7597926267281107,0,0,0,0,0,1,0,0,303.7111448066717,408.72175890826384,19
1,20,1032,397.0,399.0,1.0,1.381008201404656,0.8645449662683172,1.0,0.7020408163265306,0.4508666458588664,53.80739898433142,49.47726750741192,13.0,4.487778791164952,4.0,27.40583233579486,27.041202732793547,7.4962580378626145,169.59799999999987,0.85785536159601,0,0,0,0,0,1,0,0,386.98837209302326,397.6637596899225,20
1,21,1964,142.0,481.0,1.0,1.0320897265709799,0.4079518008814764,-6.0,0.6867132867132867,0.3664062111298119,53.02438145506953,54.08326913195984,10.44030650891055,4.209199941497792,4.123105625617661,50.42045921472335,48.411444028611854,-76.72290389754225,259.5339999999996,0.8890900860117701,0,0,0,0,0,0,1,0,134.32433808553972,493.4719959266802,21
1,22,1498,229.0,501.0,1.0,1.1641725146291069,0.5772596661362385,-3.0,0.6129296235679215,0.2243378971244238,51.591952835792604,53.75872022286245,11.704699910719626,3.65051671674312,3.1622776601683795,43.00697617828996,42.127957996593295,13.205891663222433,289.67399999999947,0.8068946943172636,0,0,0,0,0,0,1,0,219.66288384512683,493.36915887850466,22
1,23,1527,295.0,508.0,1.0,1.2333688428565477,0.3346466990617305,-2.0,0.6237745098039216,0.23615031418320012,50.37210399377384,55.226805085936306,9.433981132056603,3.6431392304565953,3.1622776601683795,45.7453871930078,47.46783319392469,-67.55785662155137,285.05599999999936,0.7565023532325985,0,0,0,0,0,0,1,0,301.969875573019,496.37066142763587,23
1,24,1067,379.0,497.0,1.0,1.1926938755391043,0.8103087106064333,1.0,0.5914634146341463,0.6391418437593568,49.10435684152729,46.04345773288535,14.035668847618199,5.180280021571011,5.0,29.266672278131754,28.77531204908078,40.89927962507347,144.83999999999997,0.9080851063829786,0,0,0,0,0,0,1,0,385.0974695407685,502.253045923149,24
1,25,2556,131.0,584.0,1.0,1.021404330689451,0.46546840219224095,1.0,0.7101972770213948,0.6418232549070788,61.00434057386053,61.18823416311342,23.40939982143925,8.585401720745503,7.615773105863909,54.7801247622303,53.99277609824136,-78.19723860399831,223.7059999999997,0.9144901610017889,0,0,0,0,0,0,0,1,133.4381846635368,583.4628325508608,25
1,26,2186,213.0,595.0,1.0,1.110013338498248,0.3642776609347255,-2.0,0.6078976640711902,0.3560989146629089,57.47882861715246,61.40032573203501,12.649110640673518,4.797979581144902,4.47213595499958,54.25932955791883,53.529480572643635,-44.40867934042888,277.74399999999946,0.8446676970633695,0,0,0,0,0,0,0,1,216.83074107959743,584.064043915828,26
1,27,2223,305.0,603.0,1.0,1.2613413086009746,0.3550556442864909,0.0,0.5346320346320347,0.24438491755483313,61.67128201724321,65.12296062065974,11.661903789690601,4.48534032330104,4.123105625617661,55.154328932550705,57.65310004196764,32.64455037429231,338.0939999999991,0.8006482982171798,0,0,0,0,0,0,0,1,302.3481781376518,582.4840305892938,27
2,1,3097,217.0,43.0,1.0,1.0047071472771119,0.3934909138359226,1.0,0.7448292448292448,0.838304182986342,65.46539140915185,65.37583651472461,29.410882339705484,10.429260756999513,9.219544457292887,60.599885757698864,60.1842004355986,80.02771778265164,215.46399999999966,0.961055081458495,0,1,0,0,0,0,0,0,217.23538908621245,43.535679690022604,1
2,2,3274,303.0,43.0,1.0,1.0052651773531716,0.3473724141137001,1.0,0.7642390289449112,0.8022139156914159,66.71123155819137,68.00735254367721,30.0,10.527385035177813,9.219544457292887,62.0,62.556940087388945,86.93065802559173,226.4639999999996,0.9521593718191071,0,1,0,0,0,0,0,0,302.68692730604766,42.087049480757486,2
2,3,2592,388.0,41.0,1.0,1.034048030116843,0.5287740459580833,1.0,0.7120879120879121,0.6597749816794046,62.930538392651435,66.48308055437865,22.47220505424423,8.301603694041,7.280109889280518,53.563961723771484,53.41308950466567,-1.5552423613738544,222.1899999999996,0.9268728768102986,0,1,0,0,0,0,0,0,392.33680555555554,43.76311728395062,3
2,4,2370,130.0,134.0,1.0,1.0013800242022237,0.27586014780649243,1.0,0.7699805068226121,0.8369683831596011,56.00371645209824,56.43580423808985,26.40075756488817,9.294530314687126,8.06225774829855,53.0,53.83064811705821,84.13805648181419,188.63599999999977,0.9671495613140175,0,0,1,0,0,0,0,0,130.31856540084388,133.80042194092826,4
2,5,2289,215.0,133.0,1.0,1.0035616087838635,0.26119225457278356,2.0,0.6577586206896552,0.7832519091083661,54.987402437357694,70.09279563550022,25.553864678361276,8.947693404403534,8.0,53.5730246067668,53.07861373613399,82.41807220281243,191.63599999999974,0.8657337367624811,0,0,1,0,0,0,0,0,215.31411096548712,133.2166885102665,5
2,6,2373,307.0,145.0,1.0,1.0191845510336166,0.32694640604573816,-2.0,0.7177858439201452,0.540064714534453,56.99217042988636,57.87054518492115,16.401219466856727,5.950275783892337,5.385164807134504,53.295898812091345,53.86004495695149,88.06214354056742,234.97999999999956,0.9331498230436492,0,0,1,0,0,0,0,0,303.7551622418879,134.0362410450906,6
2,7,1746,382.0,145.0,1.0,1.3948774661858396,0.3001407423320859,1.0,0.5668831168831169,0.19463550251891576,56.93875291469366,60.4648658313239,9.433981132056603,3.6570004153621034,3.605551275463989,50.21408027427392,54.31358764564366,-62.74856462681272,335.74999999999903,0.7200000000000001,0,0,1,0,0,0,0,0,391.3682703321879,129.3848797250859,7
2,8,2390,130.0,222.0,1.0,1.0687597773982642,0.4280245835915579,2.0,0.5927579365079365,0.6265068158187106,59.78507067691371,71.25307010929424,26.0,8.91014546786381,7.810249675906654,53.788717834956806,54.03177944618437,3.84130321700368,218.94799999999964,0.865158371040724,0,0,0,1,0,0,0,0,128.98493723849373,221.47196652719666,8
2,9,2323,214.0,222.0,1.0,1.001754160095678,0.24886410361234218,1.0,0.7409888357256779,0.8276198494780389,55.2538939440797,56.089214649520635,26.0,9.07899068289021,8.0,53.442492456845606,53.515518766265885,89.76358696999905,187.8079999999998,0.9587288485348737,0,0,0,1,0,0,0,0,214.7193284545846,222.10374515712442,9
2,10,2226,305.0,230.0,1.0,1.0272551781061017,0.2613744274802129,-1.0,0.7227272727272728,0.5048289433446661,54.86337073823146,56.08029957123981,15.811388300841896,5.787824881101189,5.0,53.665631459994955,52.956182166486535,-53.04823674336148,235.39399999999966,0.9132307692307692,0,0,0,1,0,0,0,0,303.90206648697216,224.5314465408805,10
2,11,2019,400.0,211.0,1.0,1.1555068947358698,0.3751514223791535,-1.0,0.6674380165289256,0.33611643552776016,56.48392383446344,61.032778078668514,10.63014581273465,4.340694907445537,4.123105625617661,52.16689194675695,52.358538167320084,-8.32877906403998,274.74399999999946,0.8192331101643335,0,0,0,1,0,0,0,0,390.8697374938088,225.47003467062902,11
2,12,2374,130.0,314.0,1.0,1.0009765829966986,0.2128935611449909,1.0,0.7570153061224489,0.8539363556102292,55.59671063580988,55.78530272392541,26.92582403567252,9.322047871133593,8.06225774829855,53.480257394990936,54.32217812207661,73.83978691987865,186.9099999999998,0.9640609137055838,0,0,0,0,1,0,0,0,130.1267902274642,313.7805391743892,12
2,13,2216,214.0,315.0,1.0,1.0021871742189015,0.21520882321273135,1.0,0.7599451303155007,0.8415239339799936,53.764058264217894,54.20332093147061,25.079872407968907,8.84374313745179,7.810249675906654,52.30408028212801,52.504261707930624,76.01836133363959,181.9099999999998,0.958063121487246,0,0,0,0,1,0,0,0,214.60108303249098,314.331678700361,13
2,14,2099,308.0,317.0,1.0,1.0254075490526708,0.3245767329636493,-2.0,0.6941137566137566,0.4881023400648777,53.74796528496535,55.226805085936306,15.652475842498529,5.510237333848455,5.0,51.75910939540407,50.838016486670064,-75.77154457098095,232.4639999999996,0.9110243055555556,0,0,0,0,1,0,0,0,302.2334444973797,314.84611719866604,14
2,15,1822,400.0,297.0,1.0,1.2805811038302906,0.4490052599199091,-1.0,0.5708020050125313,0.18850927932217337,57.43481657983403,60.53924347066124,9.055385138137417,3.375367067588375,3.1622776601683795,52.4442673365792,51.31968073914827,38.71225431427335,348.50799999999913,0.7497942386831276,0,0,0,0,1,0,0,0,390.41108671789243,313.35729967069153,15
2,16,2363,130.0,401.0,1.0,1.0007668666681935,0.1485524177624511,1.0,0.7672077922077922,0.8071237964187697,55.135166848053395,55.731499172371095,26.476404589747453,9.292753093324423,8.06225774829855,54.0,54.52341652937636,-82.85522803573765,191.80799999999977,0.9662645675730934,0,0,0,0,0,1,0,0,129.62336013542108,400.8857384680491,16
2,17,2286,216.0,405.0,1.0,1.0008466286472708,0.23105883984705572,1.0,0.7696969696969697,0.9111008819521699,54.66769329086958,55.00909015790027,26.40075756488817,9.201671907490601,8.06225774829855,52.32590180780452,53.188373399864325,-77.59039810391761,177.5659999999998,0.9707006369426749,0,0,0,0,0,1,0,0,216.07611548556432,404.89063867016625,17
2,18,2275,310.0,405.0,1.0,1.0047152193349274,0.21572738669866962,0.0,0.7386363636363636,0.6974219943663745,54.54546850562091,55.90169943749474,19.6468827043885,7.400588747121825,6.708203932499369,52.942905280237454,53.26112080861287,77.00942484101529,202.46399999999974,0.9461426491994177,0,0,0,0,0,1,0,0,303.31340659340657,403.97714285714284,18
2,19,2265,398.0,408.0,1.0,1.0677912895293682,0.4833002378100577,-2.0,0.7005876894525209,0.35944287903466277,59.00057360550952,60.530983801686226,14.142135623730951,4.910898110304872,4.47213595499958,52.0,51.652327726216754,-89.16228251348953,281.3999999999994,0.8887580929958799,0,0,0,0,0,1,0,0,391.7783664459161,403.5174392935982,19
2,20,2332,131.0,494.0,1.0,1.0011093714391488,0.23367522355849726,1.0,0.7571428571428571,0.8641428288709246,55.238503328495206,55.362442142665635,26.30589287593181,9.19501802995258,8.06225774829855,53.35092408681813,53.70920919164436,76.34298896924928,184.15199999999976,0.9642340293570395,0,0,0,0,0,0,1,0,131.27487135506004,493.9271012006861,20
2,21,2267,216.0,495.0,1.0,1.0025984689165068,0.26115877457763736,1.0,0.7638140161725068,0.7982730877406917,54.69651608171689,55.154328932550705,25.495097567963924,8.910058188215439,7.810249675906654,52.0,52.7983204487358,88.7489046896679,188.90999999999974,0.9555321390937831,0,0,0,0,0,0,1,0,216.08689898544333,495.6947507719453,21
2,22,2052,301.0,507.0,1.0,1.052557572930191,0.3812867792544181,-3.0,0.6913746630727763,0.33519173381597833,54.41948934518674,57.271284253105414,12.206555615733702,4.4195382310826785,4.123105625617661,51.90342490858748,50.30846747509376,85.09135134055303,277.3619999999996,0.8750533049040512,0,0,0,0,0,0,1,0,301.530701754386,493.2071150097466,22
2,23,1834,390.0,476.0,1.0,1.333868587290279,0.6123440916702647,2.0,0.5581253804017042,0.19543099248076906,61.86475421424321,61.40032573203501,9.219544457292887,3.5681223117202996,3.1622776601683795,51.523168738303546,48.909740752879614,-79.14659101929837,343.40599999999904,0.7464387464387464,0,0,0,0,0,0,1,0,389.12159214830973,494.0599781897492,23
2,24,3315,131.0,587.0,1.0,1.0036636207944982,0.3660602804998879,1.0,0.76171875,0.7983246006528689,67.31279485787097,67.468511173732,30.59411708155671,10.800480869510368,9.433981132056603,62.44378915571757,62.640690546549656,88.4618342006871,228.43199999999956,0.9643636363636363,0,0,0,0,0,0,0,1,130.8184012066365,586.3628959276018,24
2,25,3323,216.0,590.0,1.0,1.0036819330962259,0.30745106910805,1.0,0.7402539541100468,0.781488063188231,66.69276810770572,68.00735254367721,30.805843601498726,10.669468895987533,9.219544457292887,63.63961030678928,63.462429972916595,80.9780955416197,231.15799999999953,0.9570852534562211,0,0,0,0,0,0,0,1,216.232621125489,590.0069214565152,25
2,26,3110,304.0,586.0,1.0,1.0104572029691374,0.27086467932296177,1.0,0.7141216991963261,0.7026082148362683,64.38370584243663,67.4166151627327,27.65863337187866,9.622731781905408,8.48528137423857,62.88235294117647,61.97687775141097,-84.46545198382383,235.84599999999946,0.9293291498580609,0,0,0,0,0,0,0,1,303.7929260450161,587.1945337620579,26
2,27,3061,378.0,586.0,1.0,1.0472851100250358,0.4895012806931357,0.0,0.652387041773231,0.5290516998599236,68.02808479533758,70.51950084905593,18.973665961010276,6.950206104286567,6.4031242374328485,59.92662179699436,59.32066532422229,27.31254832093295,269.6419999999995,0.9093879976232917,0,0,0,0,0,0,0,1,389.36164652074484,588.5321790264619,27
2,28,3357,131.0,42.0,1.0,1.0030323645874641,0.36179195413182214,1.0,0.7828824626865671,0.9017378354149204,67.65967685581654,68.35202996254024,31.25699921617557,11.042307538809736,9.848857801796104,62.681122173450895,63.07633320910769,73.87727464463482,216.29199999999958,0.9767238871108525,0,1,0,0,0,0,0,0,130.62257968424188,41.15192135835567,28
3,1,105,147.0,52.0,1.0,20.161175094765394,0.7562369063152719,24.0,0.05185185185185185,0.0378693048910961,61.395205878524365,46.06517122512408,2.0,1.0657094755867778,1.0,41.08144266584183,40.17075425678882,-10.784445280726954,186.66199999999992,0.06851549755301796,0,1,0,0,0,0,0,0,130.97142857142856,47.180952380952384,1
3,2,12,224.0,54.0,1.0,17.358753852126934,0.8617876465431971,3.0,0.05217391304347826,0.3903020417095648,20.602324480834348,22.02271554554524,1.4142135623730951,1.0690355937288494,1.0,8.763678557299446,10.450924880848266,14.132576510272367,19.656000000000002,0.10041841004184102,0,1,0,0,0,0,0,0,222.58333333333334,52.583333333333336,2
3,3,13,148.0,125.0,1.0,114.80755164834652,0.8893032428403882,8.0,0.010228166797797011,0.08438162086088288,56.03891925814567,43.829214001622255,1.0,1.0,1.0,16.305451735999448,25.627605812500605,-26.567665115124502,44.0,0.020717131474103586,0,0,1,0,0,0,0,0,139.07692307692307,138.3846153846154,3
3,4,968,148.0,211.0,1.0,1.8614513816164198,0.24753127712317793,-3.0,0.44814814814814813,0.02380083520008111,48.62398855781136,48.84669896727925,3.1622776601683795,1.3712749405425115,1.0,43.82409980978424,47.110805327615296,-89.25726232408556,714.901999999998,0.5600231414521261,0,0,0,1,0,0,0,0,130.59607438016528,218.22520661157026,4
3,5,845,226.0,220.0,1.0,2.3693499480335856,0.2798003183878762,6.0,0.3667534722222222,0.022905415537112943,51.47543982862682,49.33558553417604,4.123105625617661,1.3707598350030974,1.0,45.43160540010411,49.41941902943964,-14.03832671148798,680.8699999999982,0.4654365188653264,0,0,0,1,0,0,0,0,209.82603550295858,220.80828402366865,5
3,6,601,292.0,223.0,1.0,3.5112171381687753,0.4632177535926956,19.0,0.24078525641025642,0.02728981338804695,54.824348362202926,53.48831648126533,3.1622776601683795,1.3096973212226426,1.0,46.470964717743406,48.58777717042217,-86.55784834002066,526.0679999999986,0.3064762876083631,0,0,0,1,0,0,0,0,289.80865224625626,216.3261231281198,6
3,7,227,359.0,224.0,1.0,6.8192182680435,0.5225319416712129,13.0,0.11997885835095137,0.07511213272230065,47.758396071106624,45.5411901469428,3.605551275463989,1.3393220239048622,1.0,35.256010854460875,40.71974980969162,-48.77649502379311,194.8779999999998,0.1776908023483366,0,0,0,1,0,0,0,0,368.7533039647577,221.9295154185022,7
3,8,116,148.0,312.0,1.0,22.89551657492361,0.5375573230518038,31.0,0.04936170212765958,0.024740802627358064,62.815414387254016,50.32891812864648,1.4142135623730951,1.0107124197165456,1.0,45.30282721692051,52.96766649766777,-30.9872876460302,242.73199999999983,0.06285559468978598,0,0,0,0,1,0,0,0,127.00862068965517,304.86206896551727,8
3,9,9,208.0,327.0,1.0,283.768989099562,0.9916229151266241,4.0,0.010227272727272727,0.29791758009812824,79.88540608034612,44.9221548904324,1.0,1.0,1.0,7.446445965836581,10.318521234015105,67.94508366574668,19.484,0.03389830508474576,0,0,0,0,1,0,0,0,201.55555555555554,307.0,9
3,10,1,370.0,319.0,1.0,0.0,0.0,1.0,1.0,0.7853981633974483,0.095,0.0,1.0,1.0,1.0,0.0,0.095,0.0,4.0,1.0,0,0,0,0,1,0,0,0,370.0,319.0,10
3,11,261,130.0,412.0,1.0,8.516513462700663,0.34816089088264046,35.0,0.116,0.02110012053444118,54.849425999319116,49.36598018878993,2.0,1.0409903632560735,1.0,43.11442035236957,51.41776039364134,-71.15037658803462,394.2599999999993,0.14995690893421432,0,0,0,0,0,1,0,0,130.91570881226053,390.0574712643678,11
3,12,146,204.0,366.0,1.0,15.781012199867234,0.8235638939606719,24.0,0.06790697674418604,0.03989130249926085,66.57157319635137,50.695167422546305,2.23606797749979,1.107478850001476,1.0,39.173715677734734,37.760961547724435,70.45062984676522,214.4579999999998,0.08726838015540944,0,0,0,0,0,1,0,0,212.56849315068493,386.1849315068493,12
3,13,41,287.0,400.0,1.0,40.27780599433594,0.9337871291826281,9.0,0.025030525030525032,0.1131337251188475,61.01824639017788,46.010868281309364,2.0,1.1177665152377119,1.0,26.111828473067458,21.83409843984103,-56.939842857250305,67.48400000000001,0.0431578947368421,0,0,0,0,0,1,0,0,296.6341463414634,387.8780487804878,13
3,14,10,370.0,374.0,1.0,26.998847264950683,0.7804450447649354,3.0,0.05555555555555555,0.25963575649502424,22.288191554968005,16.1245154965971,1.0,1.0,1.0,8.262882630038876,13.935120866686708,-23.175077805733,22.0,0.11764705882352941,0,0,0,0,0,1,0,0,375.7,373.2,14
3,15,319,148.0,483.0,1.0,5.512926917512328,0.28340574676744223,35.0,0.1648578811369509,0.016247675724197483,48.27562239008332,45.5411901469428,1.4142135623730951,1.0337603530460835,1.0,41.35955411707198,46.296326470586564,18.71092251125327,496.7119999999989,0.20768229166666669,0,0,0,0,0,0,1,0,130.3385579937304,477.5987460815047,15
3,16,115,223.0,494.0,1.0,18.356861652418072,0.534479512917723,28.0,0.059431524547803614,0.029439131359831425,55.960031214881084,47.50789408087881,1.4142135623730951,1.0144074282564555,1.0,41.44351561749317,47.29637922670159,32.41346143698333,221.5599999999999,0.07460265974699967,0,0,0,0,0,0,1,0,215.95652173913044,481.1565217391304,16
3,17,12,282.0,466.0,1.0,148.62933021775044,0.9257522830039504,5.0,0.012474012474012475,0.15867204148704744,62.993579464596934,43.829214001622255,1.0,1.0,1.0,15.325891976960651,23.8197966553095,-27.93648190450254,30.828,0.027428571428571427,0,0,0,0,0,0,1,0,295.3333333333333,466.1666666666667,17
3,18,1,358.0,474.0,1.0,0.0,0.0,1.0,1.0,0.7853981633974483,0.095,0.0,1.0,1.0,1.0,0.0,0.095,0.0,4.0,1.0,0,0,0,0,0,0,1,0,358.0,474.0,18
3,19,1006,146.0,548.0,1.0,1.8342430322262435,0.39222035200405025,-6.0,0.46660482374768086,0.02607040005308204,50.42281504875649,48.46648326421054,3.605551275463989,1.4075998046442824,1.0,42.98560661707153,46.382500069798056,-71.30888461643394,696.353999999998,0.5722411831626848,0,0,0,0,0,0,0,1,132.11332007952285,561.4910536779324,19
3,20,761,208.0,581.0,1.0,3.226111781781095,0.5943618170284722,21.0,0.2935956790123457,0.028989738282458596,61.56559860753954,53.665631459994955,3.605551275463989,1.4435022957424046,1.0,46.56684000697593,49.510916235618346,-81.67854046387541,574.3479999999983,0.3747845358286137,0,0,0,0,0,0,0,1,212.29960578186598,560.0091984231275,20
3,21,478,283.0,545.0,1.0,4.402765778771039,0.5606496986208708,17.0,0.1918908069048575,0.04443847736412013,56.34663173034656,52.92447448959697,3.605551275463989,1.4004384544153161,1.0,44.71652454705718,46.658002364945794,41.45289478644921,367.6539999999988,0.2536481825417883,0,0,0,0,0,0,0,1,291.09414225941424,559.0460251046026,21
3,22,60,381.0,582.0,1.0,33.06671712007589,0.9819371047778499,3.0,0.05628517823639775,0.32117201563866066,69.77429218468525,46.14108798023731,3.0,1.390857761928697,1.0,13.752225253462267,13.201827539159126,73.1668350726532,48.45200000000001,0.13259668508287292,0,0,0,0,0,0,0,1,376.35,566.2166666666667,22
4,1,1964,142.0,44.0,1.0,1.1292323681470549,0.3627072305787452,-43.0,0.6994301994301995,0.08719446138352789,54.93922851056672,54.120236510939236,8.06225774829855,2.617713978653181,2.23606797749979,50.204581464244875,51.19803963316498,-59.951494375115224,532.0239999999991,0.8813102984070004,0,1,0,0,0,0,0,0,142.5529531568228,62.503054989816704,1
4,2,1780,229.0,46.0,1.0,1.2641673289321835,0.3678301584038462,-40.0,0.6458635703918723,0.04907789540803799,55.393930107111416,54.62600113499065,8.54400374531753,2.27693957980827,2.0,50.53513629149525,51.51042734630763,-68.6120504195081,675.1059999999984,0.8012604096331309,0,1,0,0,0,0,0,0,225.49157303370785,63.018539325842696,2
4,3,1540,327.0,58.0,1.0,1.5651663236000304,0.4864979033734069,-5.0,0.5195681511470985,0.05750001500796813,58.952512099485844,56.568542494923804,7.0710678118654755,2.2422511144753687,2.0,49.5723493671843,51.50573359149324,-72.65600835851247,580.1379999999983,0.6716092455298736,0,1,0,0,0,0,0,0,310.5967532467532,63.32597402597403,3
4,4,1382,404.0,73.0,1.0,1.7581876774068321,0.5464812696155226,3.0,0.47458791208791207,0.07699497061891579,60.25759758935886,57.30619512757761,5.656854249492381,2.260293234634767,2.0,47.24961928516801,50.46401015787217,-68.40081451385991,474.92799999999875,0.6073390463634365,0,1,0,0,0,0,0,0,391.6360347322721,65.94717800289436,4
4,5,1263,165.0,153.0,1.0,1.6999177969133383,0.2958722042953843,-20.0,0.5052,0.019986777700904783,53.43091581035996,50.44799302251776,3.605551275463989,1.4120134112252447,1.0,47.37615433949868,51.03868186537114,-50.40177580303683,891.1179999999977,0.6480246280143664,0,0,1,0,0,0,0,0,144.7102137767221,149.7323832145685,5
4,6,1189,247.0,153.0,1.0,1.7802895332230355,0.3896933841429741,-13.0,0.495210329029571,0.01935113808097777,53.96935117686138,51.73973328110612,3.605551275463989,1.3564696356231825,1.0,47.07390934664839,49.70278575747429,-53.08178842262995,878.7039999999976,0.6074074074074073,0,0,1,0,0,0,0,0,227.7897392767031,150.3456686291001,6
4,7,1041,318.0,132.0,1.0,2.0369314211921257,0.4595957872230652,0.0,0.4082352941176471,0.029141090694666038,54.9051361815262,52.478567053607705,4.242640687119285,1.4932800113723026,1.0,47.56310314190827,48.76280016119413,-67.93865588920197,670.0039999999983,0.5239053850025164,0,0,1,0,0,0,0,0,307.01633045148895,148.66666666666666,7
4,8,1015,395.0,171.0,1.0,2.379088755299412,0.5569808690817929,4.0,0.3546470999301188,0.05485384612000748,60.27668084569344,55.08175741568164,5.0990195135927845,1.823955632701746,1.4142135623730951,46.79522522061707,50.06130980451997,62.869953903176466,482.20799999999866,0.47220283786927203,0,0,1,0,0,0,0,0,389.1546798029557,152.54679802955664,8
4,9,915,166.0,231.0,1.0,2.123842945752668,0.27196432282670785,-6.0,0.41440217391304346,0.014346314865804009,50.65859462711952,47.38143096192854,2.23606797749979,1.1928584384503462,1.0,45.0,48.74913719348535,-50.45531205823325,895.2519999999977,0.5213675213675214,0,0,0,1,0,0,0,0,146.11475409836066,234.0087431693989,9
4,10,826,242.0,247.0,1.0,2.437834283081985,0.29852217703830597,4.0,0.3740942028985507,0.016900222970372518,51.769470881577,47.53945729601885,3.0,1.202786296783546,1.0,45.0,49.408922679792376,-2.6102202952177342,783.697999999998,0.46509009009009017,0,0,0,1,0,0,0,0,225.6234866828087,236.3450363196126,10
4,11,860,285.0,235.0,1.0,2.6244176388387412,0.34475190096427805,17.0,0.330642060745867,0.025697826388775217,55.23417769730533,51.62363799656123,3.605551275463989,1.3833908947264815,1.0,47.8518547184955,51.8479824068682,-46.04023300992862,648.493999999998,0.42658730158730157,0,0,0,1,0,0,0,0,308.04186046511626,235.44418604651162,11
4,12,744,409.0,233.0,1.0,2.7215795342821134,0.794192068908375,5.0,0.2701525054466231,0.0908579257869454,61.32361651293756,55.072679252057455,5.0,1.939572167639897,2.0,36.362473900942454,37.26432671206852,-36.972051616009836,320.78199999999924,0.4320557491289198,0,0,0,1,0,0,0,0,390.18548387096774,238.6747311827957,12
4,13,1079,148.0,300.0,1.0,1.8200483171847839,0.3698903532010624,-8.0,0.38910926794085826,0.016566024058477364,51.77658659474338,61.032778078668514,3.605551275463989,1.3206222797447285,1.0,45.7627661885814,48.10435367365316,72.11666756752486,904.7039999999977,0.5463291139240506,0,0,0,0,1,0,0,0,142.9008341056534,317.74884151992586,13
4,14,920,219.0,300.0,1.0,2.2806510175506167,0.25940120879372974,8.0,0.4078014184397163,0.0193543258474495,52.54388828528263,48.54894437575342,3.0,1.27676066338356,1.0,45.80317712214687,50.745292490518324,61.24132365405051,772.8759999999977,0.500952899537163,0,0,0,0,1,0,0,0,224.29239130434783,320.1347826086957,14
4,15,826,324.0,331.0,1.0,2.3948628839082984,0.4159931409628784,10.0,0.35148936170212763,0.032782980093625624,52.47741866879992,49.57822102496216,5.0,1.4918665686017625,1.0,46.0,47.721272196393656,81.39834748293815,562.6919999999984,0.44135720010686613,0,0,0,0,1,0,0,0,309.36198547215497,322.2154963680387,15
4,16,861,405.0,313.0,1.0,2.0362484765579922,0.6299904233546282,1.0,0.3384433962264151,0.08846613288501269,52.74553405349386,52.23983154643591,5.656854249492381,2.0206070456089797,2.0,40.05380758505995,40.96233478246606,79.38862123782094,349.71799999999905,0.5200845665961944,0,0,0,0,1,0,0,0,392.2520325203252,321.18583042973285,16
4,17,1064,146.0,419.0,1.0,1.8674890683140934,0.29256023080669563,-15.0,0.46200607902735563,0.016066309570597393,51.379140735339945,48.41487374764082,3.0,1.2457949980818668,1.0,46.0,49.13115419680524,51.898121468711324,912.2579999999974,0.5817386550027337,0,0,0,0,0,1,0,0,146.03477443609023,403.8186090225564,17
4,18,810,243.0,415.0,1.0,2.2779656462494273,0.3116135120248072,6.0,0.36668175645088275,0.018901422466324844,49.66422255042248,47.50789408087881,3.1622776601683795,1.2431401819118324,1.0,44.930715894243555,47.19138799031558,-46.489541376904,733.8379999999979,0.4682080924855491,0,0,0,0,0,1,0,0,227.21851851851852,405.73333333333335,18
4,19,755,324.0,406.0,1.0,2.498066692787586,0.411063882609197,11.0,0.3210034013605442,0.032022454315236475,51.18626744018195,48.60041152089147,3.605551275463989,1.3844159262322158,1.0,44.47913944934014,46.66173617472449,34.02169641078661,544.3159999999983,0.42155220547180344,0,0,0,0,0,1,0,0,310.3072847682119,403.6317880794702,19
4,20,585,400.0,402.0,1.0,2.8503630231091313,0.5452056077314386,5.0,0.3,0.13024924737821975,49.914728256324494,50.21951811795888,5.0,2.0391933348326963,2.0,38.0,41.84363445187343,-64.61363549673639,237.57199999999958,0.40289256198347106,0,0,0,0,0,1,0,0,392.32307692307694,403.89230769230767,20
4,21,1302,158.0,474.0,1.0,1.4945350623971283,0.30751329260281096,-37.0,0.5653495440729484,0.022210524533413,50.96526486282252,49.193495504995376,3.1622776601683795,1.4040386052698586,1.0,45.61578674099571,48.495681033787776,70.4105663847936,858.2839999999978,0.7070323106163453,0,0,0,0,0,0,1,0,146.24039938556066,490.11443932411674,21
4,22,1072,245.0,500.0,1.0,1.827550976298989,0.2512125247349227,-8.0,0.4852874603893164,0.02368824826578078,50.72121176044648,47.75981574503821,4.0,1.3689350615782203,1.0,45.961620818192365,49.09468160439826,-82.44838348471563,754.1119999999978,0.5960522657770365,0,0,0,0,0,0,1,0,228.10261194029852,491.05037313432837,22
4,23,976,324.0,502.0,1.0,2.0029567991719586,0.3414368089956733,1.0,0.3983673469387755,0.03668931143837629,51.38044100308214,49.20365840057018,4.123105625617661,1.5791567569252665,1.4142135623730951,46.51021393199562,48.29271963724445,-78.40186169720829,578.1759999999983,0.5265713514971675,0,0,0,0,0,0,1,0,310.2295081967213,493.19979508196724,23
4,24,937,412.0,494.0,1.0,2.3104139126869985,0.4833472532776941,8.0,0.375400641025641,0.05968143781150943,55.82664327934032,52.43090691567332,5.0,1.8410986261680597,1.4142135623730951,46.485481604475176,48.87224651553522,18.719496490325152,444.17599999999845,0.4725163893091276,0,0,0,0,0,0,1,0,392.0010672358591,492.6958377801494,24
4,25,1883,157.0,592.0,1.0,1.121076652240857,0.20094015795638398,-29.0,0.6703453186187255,0.1097477113480084,52.340339708656565,52.15361924162119,8.602325267042627,2.7956236820673905,2.23606797749979,49.95204596962695,51.272780923736136,87.69171295144776,464.3359999999989,0.8827941865916548,0,0,0,0,0,0,0,1,146.77801380775358,579.5204460966543,25
4,26,1729,217.0,592.0,1.0,1.278309573845704,0.08702501734448077,-20.0,0.6041229909154437,0.06484265334874284,53.111223019319795,53.600373133029585,8.48528137423857,2.5028812189784855,2.0,51.33595231414335,52.909725754556966,55.71332384747118,578.8579999999987,0.7741213342287889,0,0,0,0,0,0,0,1,227.43435511856563,581.1052631578947,26
4,27,1582,319.0,595.0,1.0,1.417450212930229,0.2452895862211675,-10.0,0.5527603074772887,0.07556201466491175,54.2164686334487,54.3415126767741,6.4031242374328485,2.3580314749067055,2.0,50.43572307563521,52.56014758629543,-51.93045277897278,512.9279999999986,0.7102132435465769,0,0,0,0,0,0,0,1,308.91529709228826,580.2749683944375,27
4,28,1092,372.0,589.0,1.0,1.9777259469247086,0.7353292034007947,6.0,0.3063973063973064,0.12863926414312804,61.34515566373721,65.62011886609167,7.615773105863909,2.670901082936315,2.23606797749979,40.26285316681796,41.57423080925475,-39.54149212834412,326.6099999999994,0.5247477174435368,0,0,0,0,0,0,0,1,391.4404761904762,581.3388278388278,28
5,1,1865,126.0,64.0,1.0,1.002439998789152,0.28870867143507084,1.0,0.7929421768707483,0.8701566400260385,49.811222668422985,51.03920062069938,23.40939982143925,8.264462246027598,7.211102550927978,47.0,47.69011114329459,-53.521955805093164,164.11399999999992,0.965320910973085,0,1,0,0,0,0,0,0,126.25254691689008,63.970509383378015,1
5,2,1510,200.0,61.0,1.0,1.0312020424895945,0.30466640744891743,-6.0,0.7136105860113422,0.44218962642119647,45.580104384113845,46.32493928760188,10.770329614269007,4.13524304710417,4.0,42.42640687119285,43.41318622847024,24.261163356431005,207.15199999999967,0.9238299174059346,0,1,0,0,0,0,0,0,209.4066225165563,65.35960264900662,2
5,3,687,286.0,66.0,1.0,1.6951205883280793,0.5992431395471586,7.0,0.4194139194139194,0.08526946690653098,42.50948507148921,43.93176527297759,7.0710678118654755,2.1694959206100273,2.0,36.989772143705395,34.031694604825404,-41.30617977774289,318.1899999999995,0.5188821752265861,0,1,0,0,0,0,0,0,291.32751091703057,66.50800582241631,3
5,4,44,357.0,71.0,1.0,7.242583683523552,0.8559995029222077,6.0,0.1543859649122807,0.19528820907362207,25.355612411825135,19.313207915827967,2.23606797749979,1.175485212539508,1.0,13.741455025101837,13.108259424850914,10.667954217856119,53.21000000000001,0.21463414634146338,0,1,0,0,0,0,0,0,363.1363636363636,71.38636363636364,4
5,5,1585,127.0,150.0,1.0,1.002103036155578,0.1986751537809798,1.0,0.749054820415879,0.8104257169669452,45.40314829671221,46.06517122512408,21.095023109728988,7.509788998892029,6.708203932499369,44.24663496676728,44.498054580696504,43.373594247830304,156.76999999999992,0.9516661663164215,0,0,1,0,0,0,0,0,128.03280757097792,150.3564668769716,5
5,6,1356,210.0,159.0,1.0,1.0405540561148707,0.23540770398384236,-3.0,0.6848484848484848,0.4523754579054572,42.97407205828973,44.40720662234904,12.36931687685298,4.47712983282647,4.123105625617661,41.6,41.766359204454695,-82.40813520852312,194.0819999999997,0.9094567404426561,0,0,1,0,0,0,0,0,210.5036873156342,150.30014749262537,6
5,7,552,291.0,138.0,1.0,1.9259255359362837,0.6357978762263138,6.0,0.39316239316239315,0.0870231672252329,41.19095634583718,40.311288741492746,5.0,1.8393625407599243,1.4142135623730951,34.935000481967634,31.793470147040594,-67.15240014008646,282.3299999999994,0.4979702300405954,0,0,1,0,0,0,0,0,285.8369565217391,153.59782608695653,7
5,8,35,363.0,139.0,1.0,45.808707377274686,0.93356075650831,7.0,0.03205128205128205,0.14303538169392638,60.11375935165723,39.84971769034255,1.4142135623730951,1.0236693464213198,1.0,18.973665961010276,21.545924779315627,29.334298180818237,55.452000000000005,0.07291666666666667,0,0,1,0,0,0,0,0,372.8857142857143,150.31428571428572,8
5,9,312,140.0,242.0,1.0,5.297696198991517,0.6637865617093839,20.0,0.18118466898954705,0.03032443560806826,51.92998737272197,43.01162633521314,2.8284271247461903,1.1511848354308192,1.0,38.68468889159089,38.83958287674232,55.86757968323125,359.5719999999993,0.22682660850599778,0,0,0,1,0,0,0,0,129.5448717948718,234.83653846153845,9
5,10,12,213.0,223.0,1.0,75.86000871741186,0.9011995555693253,3.0,0.023809523809523808,0.22909373683486686,44.18036693105768,28.460498941515414,1.0,1.0,1.0,12.757485044378232,19.14796476415169,27.10373652580727,25.656000000000006,0.0594059405940594,0,0,0,1,0,0,0,0,213.83333333333334,231.58333333333334,10
5,11,1742,125.0,321.0,1.0,1.0053739831713857,0.3084525944983272,1.0,0.7728482697426797,0.7739067954614026,48.36313098282731,49.57822102496216,22.0,7.874205865348903,7.0,45.0,46.004930972115936,-30.510268811885805,168.1839999999999,0.9566172432729269,0,0,0,0,1,0,0,0,125.56716417910448,320.9862227324914,11
5,12,1020,217.0,312.0,1.0,1.4762045732126337,0.2704257956265764,0.0,0.4820415879017013,0.06968161297825916,44.593706390026426,46.84015371452148,5.830951894845301,2.049646248590684,2.0,40.899182378943166,42.932181516188756,-62.409252327920356,428.8899999999989,0.6565819118120373,0,0,0,0,1,0,0,0,209.38823529411764,319.80392156862746,12
5,13,178,284.0,338.0,1.0,5.426870926625208,0.5708713982411373,12.0,0.14126984126984127,0.07020578339857785,38.33967115507483,40.496913462633174,2.8284271247461903,1.212274676087445,1.0,32.98072740289942,31.478384111018904,-66.93939283393523,178.49599999999987,0.18455158113011924,0,0,0,0,1,0,0,0,292.8876404494382,326.5449438202247,13
5,14,13,379.0,314.0,1.0,12.246062578672277,0.8455763978498824,3.0,0.11607142857142858,0.277981774257409,17.830814288444675,14.7648230602334,1.0,1.0,1.0,6.8815481323599395,9.519059247969196,-31.31114861433414,24.242,0.203125,0,0,0,0,1,0,0,0,378.61538461538464,311.2307692307692,14
5,15,1588,136.0,413.0,1.0,1.0235279917159315,0.13446651615038613,-7.0,0.7345050878815911,0.4791273459598165,45.67971654925906,46.2709412050371,12.529964086141668,4.319353931010498,3.605551275463989,44.50952213825273,45.264859663141365,17.346919930625848,204.08199999999968,0.9427129712080737,0,0,0,0,0,1,0,0,129.17317380352645,405.8734256926952,15
5,16,595,223.0,419.0,1.0,2.1763402621997505,0.6037505753867095,7.0,0.39351851851851855,0.040537892373139234,44.89443837155471,42.720018726587654,4.47213595499958,1.5076183505575549,1.0,35.0,35.78864681358278,10.296202091667274,429.46999999999923,0.47334924423229924,0,0,0,0,0,1,0,0,211.2268907563025,408.30084033613446,16
5,17,69,294.0,425.0,1.0,12.661887715638146,0.725523946699272,11.0,0.06764705882352941,0.08510729250748444,38.867128189686966,35.35533905932738,2.0,1.109512307044986,1.0,27.840266551173293,26.748237967796722,41.412975357310394,100.93600000000004,0.09780297661233169,0,0,0,0,0,1,0,0,292.72463768115944,414.30434782608694,17
5,18,1,373.0,391.0,1.0,0.0,0.0,1.0,1.0,0.7853981633974483,0.095,0.0,1.0,1.0,1.0,0.0,0.095,0.0,4.0,1.0,0,0,0,0,0,1,0,0,373.0,391.0,18
5,19,1134,132.0,490.0,1.0,1.217515699616263,0.31164758818739363,-16.0,0.6428571428571429,0.09767890749650399,42.9740823914721,42.5440947723653,6.708203932499369,2.2744694228907014,2.0,39.77584250595861,40.83387677369735,-7.160486343614731,381.9539999999992,0.7997179125528913,0,0,0,0,0,0,1,0,129.74426807760142,491.5291005291005,19
5,20,429,216.0,494.0,1.0,2.5356517822654037,0.5862089908298324,8.0,0.2822368421052632,0.059101908013542905,40.89621202327972,41.048751503547585,3.605551275463989,1.49216346128829,1.0,34.104303984920406,33.13246992005423,68.20518626779118,302.01799999999935,0.38303571428571437,0,0,0,0,0,0,1,0,211.3846153846154,492.14219114219117,20
5,21,95,310.0,487.0,1.0,13.998193031990601,0.7818950755961882,11.0,0.07240853658536585,0.07481746473725322,49.37008984155766,41.78516483155236,2.8284271247461903,1.1763140472930733,1.0,30.066333926797018,30.777810189199112,-20.002169242464614,126.31800000000004,0.10226049515608181,0,0,0,0,0,0,1,0,298.2736842105263,489.70526315789476,21
5,22,3,363.0,490.0,1.0,1.3962634015954636,0.9995985018216247,1.0,1.0,0.5890486225480862,3.352821357901627,2.0,1.0,1.0,1.0,0.0,0.095,0.0,8.0,1.0,0,0,0,0,0,0,1,0,364.0,490.0,22
5,23,1464,133.0,577.0,1.0,1.0148769977795111,0.3731741001198475,0.0,0.7233201581027668,0.675647049396256,45.07819156124434,45.5411901469428,16.76305461424021,6.218549889789075,5.385164807134504,41.39171820887828,41.82180309184172,-72.64511955476675,165.0119999999999,0.9484936831875609,0,0,0,0,0,0,0,1,128.65027322404373,577.4986338797814,23
5,24,814,221.0,578.0,1.0,1.4283783676841386,0.5065438836713778,-2.0,0.5641025641025641,0.13806701569429833,41.20855204558172,38.897300677553446,5.656854249492381,2.264413207408083,2.0,36.0,35.53059795212017,0.501758692001523,272.1899999999996,0.696917808219178,0,0,0,0,0,0,0,1,209.5884520884521,577.5540540540541,24
5,25,133,298.0,573.0,1.0,7.412044376893524,0.7684355706172861,10.0,0.09216909216909216,0.09383660367549645,42.206850159278076,38.01315561749642,2.8284271247461903,1.2575716413425915,1.0,29.81332726749265,27.009309877136204,22.515224297352532,133.45800000000006,0.14308768154921997,0,0,0,0,0,0,0,1,290.69172932330827,570.5639097744361,25
5,26,22,365.0,595.0,1.0,1.0108092065363101,0.533293747615798,1.0,0.7333333333333333,1.061269013525939,5.833088650729994,5.0990195135927845,2.23606797749979,1.3162462422380978,1.0,4.0,4.9343854196240065,0.0,16.14,0.88,0,0,0,0,0,0,0,1,364.5,595.2727272727273,26
